"product_category","total_orders","total_revenue","aov"
"Home",62542,1.71138916E8,2736.3838060823127
"Clothing",62581,1.70716122E8,2727.9225643565937
"Electronics",62630,1.70146025E8,2716.6856937569855
"Books",62247,1.69345236E8,2720.5365077835077
