"payment_method","total_orders","total_revenue","aov"
"Credit Card",83547,2.28822915E8,2738.8525620309524
"PayPal",83441,2.2709953E8,2721.677952085905
"Cash",83012,2.25423854E8,2715.557437478919
